n,ell,fold_log,cap_log,salt,commit_ms,open_ms,verify_ms,proof_kib
20,16,1,0,0,772.80,2258.50,6.288,1116.8
20,16,1,7,0,717.68,2178.58,5.368,680.5
20,16,2,0,0,730.44,1807.54,4.130,612.7
20,16,2,7,0,696.12,1799.97,3.132,388.2
20,16,3,0,0,719.01,1711.53,4.167,477.7
20,16,3,7,0,769.39,1762.92,3.530,314.7
20,16,4,0,0,698.36,1624.76,5.320,424.2
20,16,4,7,0,709.81,1412.57,3.853,307.7
20,12,1,0,0,596.33,2198.00,5.487,1007.8
20,12,1,7,0,688.65,2191.12,4.494,648.2
20,12,2,0,0,689.72,1808.84,3.955,569.7
20,12,2,7,0,711.72,1756.80,3.072,370.6
20,12,3,0,0,677.03,1593.80,3.986,440.0
20,12,3,7,0,683.57,1673.15,3.383,299.4
20,12,4,0,0,610.14,1683.11,5.022,402.4
20,12,4,7,0,715.44,1648.03,4.567,294.8
