config,salt,n,ell,queries,commit_ms,open_ms,verify_ms,proof_kib
v1,0,12,8,148,2.63,6.86,2.491,392.3
v1,32,12,8,148,3.00,9.45,2.653,438.6
v2,0,12,4,148,2.27,4.96,1.626,94.8
v2,32,12,4,148,3.14,6.70,1.664,135.7
v1,0,14,10,148,9.19,25.66,3.155,545.2
v1,32,14,10,148,11.50,36.28,3.342,591.7
v2,0,14,6,148,8.85,21.03,1.910,129.8
v2,32,14,6,148,11.84,26.30,1.956,183.0
v1,0,16,12,148,36.06,114.01,4.283,719.0
v1,32,16,12,148,52.43,156.20,4.513,759.3
v2,0,16,8,148,40.53,91.61,2.444,183.6
v2,32,16,8,148,49.21,126.44,2.529,247.2
v1,0,18,14,148,181.64,481.68,5.179,909.2
v1,32,18,14,148,220.69,647.67,5.282,971.5
v2,0,18,10,148,160.23,387.80,2.981,247.8
v2,32,18,10,148,222.84,488.51,2.508,323.8
v1,0,20,16,148,729.50,2137.95,6.316,1116.8
v1,32,20,16,148,895.48,2942.66,7.036,1189.5
v2,0,20,12,148,730.28,1689.76,3.437,299.4
v2,32,20,12,148,910.11,2044.33,3.610,390.3
v1,0,22,18,148,3294.16,11284.97,6.673,1343.5
v1,32,22,18,148,3985.93,13958.29,7.494,1416.3
v2,0,22,14,148,3175.47,9282.46,4.478,372.2
v2,32,22,14,148,4093.96,10893.99,4.220,473.7
